{
	"extends": "tslint-config-xo",
	"parserOptions": {
		"ecmaVersion": 8
	},
	"env": {
		"es6": true,
		"node": true
	},
	"rules": {
		"curly": [
			true,
			"ignore-same-line"
		],
		"object-curly-spacing": [
			true,
			"always"
		],
		"triple-equals": [
			true,
			"allow-null-check"
		],
		"ordered-imports": true,
		"variable-name": [
			true,
			"allow-leading-underscore",
			"ban-keywords"
		],
		"comment-format": false,
		"trailing-comma": [
			true,
			"always"
		],
		"prefer-const": true
	}
}
